report_month,claim_count,distinct_beneficiaries,medicare_reimbursement,primary_payer_reimbursement,beneficiary_responsibility,medicare_per_claim
2008-01-01,9953,7927,2526200.00,110790.00,803850.00,253.81
2008-02-01,15155,11810,3946130.00,200790.00,1268150.00,260.38
2008-03-01,20916,15936,5214150.00,214100.00,1674980.00,249.29
2008-04-01,23097,17483,5893280.00,317680.00,1869320.00,255.15
2008-05-01,24880,18786,6384150.00,289620.00,2017610.00,256.60
2008-06-01,25008,19086,6464340.00,245860.00,2040420.00,258.49
2008-07-01,26466,20010,6654200.00,271950.00,2119630.00,251.42
2008-08-01,27156,20652,6898900.00,246280.00,2176210.00,254.05
2008-09-01,26334,20239,6741750.00,284950.00,2199420.00,256.01
2008-10-01,27490,20966,7297010.00,252780.00,2261370.00,265.44
2008-11-01,27103,20941,7073420.00,242730.00,2228170.00,260.98
2008-12-01,28343,21704,7303770.00,315530.00,2320650.00,257.69
2009-01-01,28658,21887,7674870.00,277540.00,2328350.00,267.81
2009-02-01,25951,20396,6991340.00,294350.00,2144080.00,269.41
2009-03-01,28557,22048,7674310.00,295040.00,2380880.00,268.74
2009-04-01,27694,21469,7450470.00,287240.00,2283210.00,269.03
2009-05-01,28466,22096,7722950.00,291210.00,2346800.00,271.30
2009-06-01,27340,21419,7523050.00,286710.00,2283460.00,275.17
2009-07-01,27783,21613,7514740.00,285870.00,2312390.00,270.48
2009-08-01,27609,21403,7540690.00,343040.00,2314080.00,273.12
2009-09-01,26122,20539,7195420.00,228530.00,2135450.00,275.45
2009-10-01,26057,20413,7296690.00,247440.00,2162710.00,280.03
2009-11-01,24381,19188,6853620.00,339820.00,2063220.00,281.10
2009-12-01,24013,18999,6701680.00,284950.00,2013310.00,279.09
2010-01-01,22608,17908,6245990.00,204960.00,1895340.00,276.27
2010-02-01,19383,15669,5380260.00,200300.00,1619180.00,277.58
2010-03-01,20159,16070,5585310.00,192910.00,1710610.00,277.06
2010-04-01,18076,14562,5070220.00,121720.00,1520000.00,280.49
2010-05-01,17308,13929,4951460.00,215340.00,1468740.00,286.08
2010-06-01,15186,12409,4176790.00,129890.00,1239420.00,275.04
2010-07-01,14241,11549,3822720.00,106040.00,1183800.00,268.43
2010-08-01,12507,10178,3585390.00,85590.00,1066340.00,286.67
2010-09-01,10822,8986,2993390.00,92610.00,941010.00,276.60
2010-10-01,9465,7857,2622280.00,80140.00,804940.00,277.05
2010-11-01,8099,6747,2340790.00,59530.00,687850.00,289.02
2010-12-01,7151,5985,1980620.00,62900.00,607150.00,276.97
